{
    "version": 3,
    "configurePresets": [
        {
            "name": "ifort_debug",
            "displayName": "ifort debug version",
            "description": "Preset to builds ifort debug executable for swatplus",
            "binaryDir": "build/debug",
            "cacheVariables": {
                "CMAKE_BUILD_TYPE": "Debug",
                "CMAKE_INSTALL_PREFIX": "build/debug",
                "CMAKE_Fortran_COMPILER": "ifort"
            }
        },
        {
            "name": "ifx_debug",
            "displayName": "ifx debug version",
            "description": "Preset to builds a ifx debug executable for swatplus",
            "binaryDir": "build/debug",
            "cacheVariables": {
                "CMAKE_BUILD_TYPE": "Debug",
                "CMAKE_INSTALL_PREFIX": "build/debug",
                "CMAKE_Fortran_COMPILER": "ifx"
            }
        },
        {
            "name": "gfortran_debug",
            "displayName": "gfortran debug version",
            "description": "Builds a gfortran debug executable for swatplus",
            "binaryDir": "build/debug",
            "cacheVariables": {
                "CMAKE_BUILD_TYPE": "Debug",
                "CMAKE_INSTALL_PREFIX": "build/debug",
                "CMAKE_Fortran_COMPILER": "gfortran"
            }
        }
    ]
}
